Date,Content Type
2024-01-01,Blog Post
2024-01-02,Blog Post
2024-01-03,Blog Post
2024-01-04,Blog Post
2024-01-05,Blog Post
2024-01-06,Blog Post
2024-01-07,Blog Post
2024-01-08,Blog Post
2024-01-09,Blog Post
2024-01-10,Blog Post
2024-01-11,Blog Post
2024-01-12,Blog Post
2024-01-13,Blog Post
2024-01-14,Blog Post
2024-01-15,Blog Post
2024-01-16,Blog Post
2024-01-17,Blog Post
2024-01-18,Blog Post
2024-01-19,Blog Post
2024-01-20,Blog Post
2024-01-21,Blog Post
2024-01-22,Blog Post
2024-01-23,Blog Post
2024-01-24,Blog Post
2024-01-25,Blog Post
2024-01-26,Blog Post
2024-01-27,Blog Post
2024-01-28,Blog Post
2024-01-29,Blog Post
2024-01-30,Blog Post
